id,content,username,url,upvotes,comments,timestamp,subreddit,keywords,cluster,doc2vec_vector
1,New Solid Electrolyte Matches Liquid Performance. Better solid electrolytes could result in safer batteries that don’t explode.,@user,https://spectrum.ieee.org/battery-electrolyte,647,38,12 hr. ago,,"new solid electrolyte matches liquid performance, better solid electrolytes could result, safer batteries, ’, explode",8,"{'1': [-0.013651694171130657, -0.01504267193377018, -0.020852023735642433, 0.014909608289599419, 0.006109301000833511, 0.0003241940285079181, -0.02166840247809887, -0.008887715637683868, -0.021561628207564354, 0.0019615243654698133, 0.00665852427482605, 0.00954519584774971, -0.00856266263872385, -0.0058693126775324345, -0.004998645279556513, -0.017094112932682037, 0.004325119778513908, 0.02029535360634327, -0.02218453213572502, -0.0056093474850058556, -0.007270861882716417, 0.005699658300727606, -0.01182085182517767, 0.0058151851408183575, 0.01359711866825819, -0.015791019424796104, -0.017581354826688766, -0.020675791427493095, 0.007793734781444073, -0.020577454939484596, 0.0132930101826787, 0.017207564786076546, -0.01466451957821846, -0.0071790204383432865, -0.0038795131258666515, 0.007196027785539627, -0.0018006011378020048, -0.02069801464676857, -0.004995256196707487, 0.002480566967278719, -0.0037603764794766903, -0.013314766809344292, 0.008299372158944607, -0.018847625702619553, 0.007979361340403557, -0.008312101475894451, -0.00014475604984909296, -0.004943467676639557, 0.012949388474225998, -0.016346801072359085]}"
2,US researchers develop 'unhackable' computer chip that works on light | Computations can be performed at light speed in this chip which is ready for deployment for building AI models immediately.,@user,https://interestingengineering.com/innovation/unhackable-computer-chip-works-on-light,534,93,16 hr. ago,,"building ai models immediately, us researchers develop, light speed, computer chip, light, chip, works, unhackable, ready, performed, deployment, computations",7,"{'2': [-0.00991393905133009, -0.006266243290156126, -0.014055880717933178, -0.01892699860036373, -0.006803409196436405, 0.017704710364341736, -0.005523346830159426, 0.012251628562808037, -0.01494096964597702, 0.014556990936398506, 0.008113428950309753, 0.018737854436039925, 0.010279476642608643, -0.006341221742331982, 0.007813280448317528, -0.007298994343727827, 0.013376598246395588, 0.005893020890653133, -0.009184664115309715, -0.010515362955629826, -0.01840965822339058, -0.0013859987957403064, -0.01772249862551689, -0.019395187497138977, -0.012825737707316875, 0.007645069155842066, -0.01598483696579933, -0.014759772457182407, -0.0008906429284252226, 0.0019821752794086933, 0.020937621593475342, 0.016598600894212723, -0.023790869861841202, 0.0025978977791965008, 0.013667119666934013, 0.014274001121520996, 0.009169310331344604, -0.0170748308300972, 0.02020060457289219, 0.001944379648193717, -0.014797627925872803, 0.018343403935432434, -0.021993441507220268, -0.018130969256162643, -0.004515854176133871, 0.02165844663977623, 0.004721177741885185, -0.004354463424533606, 0.022569037973880768, 0.00423526531085372]}"
3,"LED glass basketball court to make NBA debut this month, displaying stats and replays | Courts can also display other entertainment content and host potentially any hardcourt sport",@user,https://www.techspot.com/news/101908-led-glass-basketball-court-make-nba-debut-month.html,394,91,14 hr. ago,,"led glass basketball court, make nba debut, host potentially, hardcourt sport, entertainment content, displaying stats, also display, replays, month, courts",1,"{'3': [-0.016700435429811478, -0.011018327437341213, -0.014120224863290787, 0.0018660759087651968, -0.015550746582448483, -0.004538862034678459, -0.003496497869491577, 0.01865009218454361, 0.010060419328510761, 0.002207268262282014, 0.0016796555137261748, -0.011733537539839745, -0.004205289762467146, -0.009870059788227081, 0.02142876200377941, -0.015377063304185867, -0.01984323374927044, 0.0002479529066476971, 0.0032161192502826452, 0.01820608414709568, 0.01705486699938774, 0.012921671383082867, -0.012221081182360649, 0.019340328872203827, -0.017217282205820084, 0.004069770686328411, -0.015260281041264534, -0.0012753379996865988, 0.0006777395610697567, -0.019276762381196022, 0.009327898733317852, 0.009774554520845413, -0.0035032890737056732, 0.017368344590067863, -0.012719066813588142, 0.0031226612627506256, 0.004994266200810671, 0.001786146778613329, -0.013315641321241856, -0.012109541334211826, 0.01736878603696823, 0.005808349698781967, 0.006535553373396397, -0.020766209810972214, 0.0007547533023171127, 0.004323434550315142, 0.004423430655151606, 0.02001485787332058, 0.004434981849044561, -0.009635484777390957]}"
4,The existence of a new kind of magnetism has been confirmed,@user,https://www.newscientist.com/article/2417255-the-existence-of-a-new-kind-of-magnetism-has-been-confirmed/,1,133,1 day ago,,"new kind, magnetism, existence, confirmed",1,"{'4': [-0.008851651102304459, 0.018237175419926643, 0.014299623668193817, -0.02103317342698574, -0.00789969228208065, 0.011232400313019753, 0.000464315467979759, 0.019765527918934822, -0.013479326851665974, -0.007985531352460384, 0.018013400956988335, 0.011387087404727936, 0.018780147656798363, -0.005747098475694656, 0.006250356789678335, -0.013491191901266575, -0.011809251271188259, -0.01184169203042984, -0.018405770882964134, -0.003162288572639227, 0.007271969690918922, -0.0031669854652136564, 0.006543206982314587, 0.011021333746612072, 0.016863882541656494, 0.005639749579131603, 0.015213288366794586, -0.008085514418780804, -0.012139502912759781, -0.0035885246470570564, 0.013390082865953445, 0.011679437011480331, -0.018757624551653862, -0.004360967315733433, -0.017774857580661774, 0.021171240136027336, -0.0029164589941501617, -0.002746557118371129, 0.019340526312589645, 0.0028856436256319284, -0.015250012278556824, 0.015835808590054512, 0.009124374948441982, 0.016175104305148125, -0.006795138586312532, 0.009660465642809868, 0.00943396519869566, -0.008125236257910728, 0.005076434463262558, 0.010629254393279552]}"
5,New chip opens door to AI computing at light speed,@user,https://phys.org/news/2024-02-chip-door-ai.html,8,2,3 hr. ago,,"new chip opens door, light speed, ai computing",0,"{'5': [-0.01780487224459648, -0.01982339471578598, 0.017389794811606407, -0.009677319787442684, 0.019454702734947205, -0.0055071101523935795, 0.019615676254034042, -0.011731530539691448, 0.006249462720006704, 0.008012323640286922, -0.017372943460941315, 0.010426069609820843, -0.013226010836660862, -0.007199730724096298, 0.009802820160984993, 0.02014624886214733, -0.0054111783392727375, -0.0058506871573626995, 1.7773942090570927e-05, -0.0006365177105180919, -0.020390024408698082, -0.016253437846899033, 0.01188651379197836, 0.015037279576063156, -0.008752211928367615, 0.007344641722738743, -0.003055060049518943, 0.007334048394113779, -0.014164986088871956, 0.005056276451796293, -0.009617610834538937, -0.012146510183811188, 0.016653437167406082, -0.01525904331356287, -0.006929757073521614, 0.011064253747463226, -0.016588697209954262, -0.011117923073470592, 0.0032686572521924973, -0.012345368973910809, 0.018530583009123802, 0.01937347650527954, 0.014415794052183628, 0.005317686125636101, -0.00916376058012247, -0.0008317482424899936, -0.004112729802727699, 0.012435182929039001, -0.013622193597257137, -0.017611781135201454]}"
6,Ultrasound waves spark movement in sleepy sperm by up to 266%,@user,https://newatlas.com/medical/ultrasound-waves-sperm-motility/,952,97,2 days ago,,"ultrasound waves spark movement, sleepy sperm, 266",5,"{'6': [-0.021462416276335716, -0.017888100817799568, -0.013891786336898804, -0.006413353141397238, -0.005866421852260828, 0.012570101767778397, 0.009186267852783203, 0.011921204626560211, 0.004818685352802277, 0.002938841236755252, 0.010694344528019428, 0.017947427928447723, 0.011114956811070442, 0.004458337090909481, -0.003534655086696148, 0.011934304609894753, 0.015021136961877346, 0.02023690566420555, 0.011950931511819363, 0.009775948710739613, -0.021258600056171417, 0.007080407813191414, -0.003982547204941511, 0.007814115844666958, 0.014088552445173264, -0.004345042631030083, -0.01840091124176979, -0.004564917180687189, -0.011771057732403278, -0.009454729966819286, -0.01121432427316904, 0.012871813029050827, 0.000566346338018775, 0.0018424320733174682, -0.010336547158658504, 0.02187933772802353, 0.0022098298650234938, -0.007386728189885616, -0.017694178968667984, 0.005110219120979309, -0.015428761020302773, -0.008639445528388023, -0.019511759281158447, 0.002177477814257145, 0.018337149173021317, 0.012042146176099777, -0.0073461285792291164, -0.0019868093077093363, 0.020763952285051346, -0.013831067830324173]}"
7,"Surgical robot, MIRA, aces zero-gravity examination in space | SpaceMIRA, a miniature surgical robot, excels in zero gravity, promising revolutionary advances in remote surgery and healthcare accessibility worldwide.",@user,https://interestingengineering.com/innovation/surgical-robot-mira-succeeds-space,106,3,1 day ago,,"promising revolutionary advances, healthcare accessibility worldwide, miniature surgical robot, surgical robot, zero gravity, remote surgery, gravity examination, aces zero, spacemira, space, mira, excels",1,"{'7': [-0.016034215688705444, 0.010782797820866108, 0.002966098254546523, 0.010888072662055492, -0.006241394206881523, -0.013021791353821754, 0.00021253283193800598, 0.021343763917684555, 0.000882587453816086, -0.01517056580632925, 0.001816241885535419, -0.021168692037463188, 0.017347604036331177, 0.019411800429224968, 0.009480874054133892, -0.009231056086719036, 0.01379610225558281, 0.0071445247158408165, 0.0018360977992415428, 0.018832840025424957, -0.010647615417838097, 0.013902219943702221, -0.00043122947681695223, 0.022365789860486984, 0.005172077100723982, 0.02135944738984108, -0.0066102854907512665, -0.0044679949060082436, -0.0005318592884577811, -0.021316295489668846, -0.000963104423135519, 0.008462104946374893, -0.0003550166729837656, 0.018651507794857025, -0.007056449074298143, 0.00842937733978033, -0.011439777910709381, -0.01840173825621605, 0.0061548491939902306, -0.008544756099581718, -0.003757336875423789, 0.017776954919099808, -0.013651919551193714, 0.010703220032155514, -0.002964851912111044, -0.014054861851036549, -0.017878901213407516, 0.008567437529563904, -0.003139842301607132, 0.01810291036963463]}"
8,Open AI can now create video from text,@user,https://openai.com/sora,24,4,1 day ago,,"open ai, create video, text",4,"{'8': [-0.013685385696589947, 0.009679650887846947, -0.001227174187079072, 0.01080155000090599, -0.0030003697611391544, -0.009539132006466389, -0.020350869745016098, 0.012634187005460262, -0.016466107219457626, -0.006336718797683716, 0.007034537382423878, 0.0197625532746315, -0.00671989843249321, -0.002530972007662058, 0.011008162051439285, 0.011016806587576866, -0.00641061132773757, -0.008666244335472584, -0.00985014345496893, 0.015232915990054607, -0.011517821811139584, -0.012295744381844997, -0.012216233648359776, -0.00669762771576643, 0.017557738348841667, -0.0021610266994684935, 0.01822258159518242, -0.01550292782485485, 0.00340887694619596, 0.017302419990301132, -0.019648024812340736, -0.0006230860599316657, -0.019243840128183365, 0.01635097526013851, -0.0051204185001552105, 0.015095795504748821, -0.009410092607140541, 0.004656430333852768, -0.0065363747999072075, -0.019328301772475243, -0.005831228103488684, -0.0005426130956038833, -0.019793368875980377, 0.0005478974198922515, -0.00979524478316307, 0.011907417327165604, -0.009145811200141907, 0.019747193902730942, 0.0037106466479599476, -0.004979505203664303]}"
9,"Magnetic robotic catheter devised to efficiently treat ischemic strokes | The cutting-edge device with helical surface and rotational motion can navigate the vascular system efficiently, targeting diseased blood vessels with precision.",@user,https://interestingengineering.com/science/magnetic-robotic-catheter-devised-to-efficiently-treat-ischemic-strokes,680,24,2 days ago,,"targeting diseased blood vessels, magnetic robotic catheter devised, efficiently treat ischemic strokes, vascular system efficiently, rotational motion, helical surface, edge device, precision, navigate, cutting",7,"{'9': [-0.01998608373105526, -0.020126547664403915, -0.010551738552749157, -0.0083239721134305, -0.02291095443069935, -0.010394805110991001, -0.008308549411594868, 0.023193715140223503, -0.006411279086023569, 0.004058429971337318, -0.0010740566067397594, -0.004581864457577467, 0.014649967662990093, 0.016003454104065895, 0.004296860657632351, 0.013690763153135777, -0.015701990574598312, 0.013047036714851856, -0.008423201739788055, 0.01155584491789341, -0.007915630005300045, 0.005283197853714228, 0.01149736437946558, -0.015863219276070595, -0.004882453475147486, 0.01245989091694355, -0.001003541168756783, 0.002851314377039671, -0.010389319621026516, 0.010741968639194965, 0.019671576097607613, 0.024776065722107887, -0.009638383984565735, 0.024852657690644264, 0.0044153714552521706, 0.019742179661989212, -0.0024541409220546484, -0.01624440774321556, 0.015189163386821747, 0.001220316393300891, -0.020110441371798515, 0.0159810408949852, -0.018238447606563568, -0.019673528149724007, -0.0151033541187644, 0.008236556313931942, 0.01762530952692032, -0.013603284023702145, 0.00435336260125041, 0.0013692494248971343]}"
10,NASA Puts Next-Gen Exoplanet-Imaging Technology to the Test,@user,https://www.jpl.nasa.gov/news/nasa-puts-next-gen-exoplanet-imaging-technology-to-the-test,904,15,2 days ago,,"nasa puts next, imaging technology, gen exoplanet, test",3,"{'10': [0.0007605922874063253, -0.022230114787817, 0.005135316867381334, 0.011343003250658512, -0.006184109952300787, -0.010750873014330864, 0.017966264858841896, -0.00663033640012145, -0.00014143645239528269, 0.005447020288556814, 0.014498705975711346, -0.012520447373390198, -0.003672011662274599, 0.013577773235738277, 0.004171411041170359, 0.008462183177471161, 0.012735187076032162, 0.01734217070043087, 0.008460791781544685, -0.005590787157416344, 0.013361116871237755, -0.009404814802110195, -0.001945381867699325, -0.002851406577974558, -0.0013289263006299734, 0.021008338779211044, -0.0008917244849726558, -0.016954390332102776, -0.00424650264903903, -0.020636724308133125, -0.006080907769501209, 0.005041771102696657, -0.008482061326503754, -0.016076330095529556, 0.006275129038840532, -0.01415417343378067, -0.000108857529994566, -0.014514625072479248, -0.013819685205817223, 0.016132358461618423, 0.005874644499272108, -0.012433795258402824, 0.00876141432672739, -0.014925865456461906, -0.0002048815367743373, -0.0006950547103770077, -0.019924452528357506, 0.01533003430813551, -0.006456070113927126, -0.0031280904076993465]}"
11,Open-Source Security Chip Released. The first commercial chip based on the OpenTitan hardware security design has hit the market.,@user,https://spectrum.ieee.org/open-titan-chip,335,11,3 days ago,,"source security chip released, opentitan hardware security design, first commercial chip based, open, market, hit",8,"{'11': [-0.010398670099675655, -0.017569849267601967, -0.002356947399675846, 0.011771482415497303, 0.011535481549799442, 0.009147290140390396, -0.0035747564397752285, 0.0030825685244053602, -0.019238058477640152, -0.0025063473731279373, -0.013084177859127522, 0.01562991365790367, 0.014276799745857716, -0.012120562605559826, -0.0009461309527978301, 0.007687991019338369, -0.008498349227011204, 0.01950053684413433, 0.0068367766216397285, 0.010780862532556057, 0.008768871426582336, -0.016802407801151276, -0.01314952876418829, 0.00010297042899765074, -0.006774386391043663, -0.012546317651867867, -0.018946023657917976, -0.010978256352245808, -0.01980670914053917, -0.002831427613273263, 0.015509093180298805, -0.008497466333210468, 0.006882043089717627, 0.017234914004802704, 0.01648484170436859, 0.017151974141597748, 0.006532607134431601, -0.012318198569118977, -0.0008777535986155272, -0.0017349305562675, -0.005479140672832727, -0.014724254608154297, 0.0017603684682399035, -0.016654260456562042, 0.00948018953204155, 0.0063594733364880085, 0.01120354700833559, -0.014574892818927765, 0.001703800749965012, -0.0006123810890130699]}"
12,"Replacement cartilage can grow in any shape with 3D-printed ""spheroids""",@user,https://newatlas.com/medical/cartilage-stem-cells-any-shape-3d-printed-spheroids/,655,34,3 days ago,,"replacement cartilage, spheroids, shape, printed, grow, 3d",4,"{'12': [0.006611482240259647, 0.00907699204981327, 0.00681678019464016, -0.019475756213068962, -0.0037737623788416386, -0.019587423652410507, -0.01613088883459568, 0.019839636981487274, 0.009333226829767227, -0.014724889770150185, 0.02002694644033909, -0.005493383388966322, -0.015528110787272453, 0.008848157711327076, 0.007847887463867664, 0.003629946382716298, 0.014865299686789513, -0.0016656023217365146, 0.0046981447376310825, 0.011947511695325375, -0.013719983398914337, -0.004257963038980961, -0.013746303506195545, -0.009152899496257305, 0.014661152847111225, -9.331135515822098e-05, 0.00041780370520427823, -0.017388051375746727, -0.005648643244057894, 0.01280065905302763, 0.010677536018192768, 0.006171836983412504, 0.01100870780646801, 0.01420606579631567, -0.02286503277719021, 0.021268438547849655, -0.01628178544342518, -0.01935403048992157, -0.0005935547524131835, 0.0021067082416266203, -0.009713532403111458, 0.002892844146117568, 0.0019212343031540513, -0.008125276304781437, -0.0010758150601759553, -0.014447029680013657, -0.010744973085820675, -0.010000122711062431, -0.008261892013251781, 0.009690324775874615]}"
13,"Chinese researchers develop calcium-based battery that lasts 700 cycles | Stable in the air at room temperature, the calcium-oxygen battery can be transformed into flexible fibers for next-gen wearables.",@user,https://interestingengineering.com/energy/chinese-researchers-develop-calcium-based-battery,1,74,4 days ago,,"chinese researchers develop calcium, lasts 700 cycles, room temperature, oxygen battery, gen wearables, flexible fibers, based battery, calcium, transformed, stable, next, air",6,"{'13': [-0.025858433917164803, -0.018116718158125877, -0.006773269269615412, -0.024033991619944572, -0.015343258157372475, 0.016511790454387665, -0.013141659088432789, -0.006180647294968367, -0.012395135127007961, 0.00721999304369092, 0.01900428533554077, -0.008739219978451729, 0.01455814577639103, 0.017334256321191788, -0.015920301899313927, 0.020130010321736336, 0.01823081634938717, 0.0041247266344726086, 0.0035223590675741434, -0.007163659203797579, 0.018817078322172165, -0.019624223932623863, 0.01817246899008751, -0.006536099594086409, 0.012956693768501282, -0.00879664160311222, 0.01760510541498661, 0.018284538760781288, -0.020958341658115387, -0.012774702161550522, 0.007985538803040981, 0.0047930763103067875, -0.009985480457544327, 0.015294515527784824, 0.0055572050623595715, -0.0039865258149802685, 0.008093058131635189, 0.009753968566656113, 0.02256539650261402, 0.0036999485455453396, 0.011071380227804184, 0.004843880422413349, -0.01687641069293022, 0.0029061126988381147, -0.0044923038221895695, -0.012519162148237228, -0.007307745981961489, -0.0039801509119570255, 0.021316979080438614, 0.0032209691125899553]}"
14,OpenAI CEO warns that 'societal misalignments' could make artificial intelligence dangerous,@user,https://apnews.com/article/uae-openai-sam-altman-artificial-intelligence-9593a03830c0ef83fdef76c68bb87118,137,18,3 days ago,,"could make artificial intelligence dangerous, openai ceo warns, societal misalignments",6,"{'14': [-0.015042607672512531, -0.011912001296877861, 0.011745870113372803, -0.006430113688111305, 0.01926696114242077, 0.01321681309491396, -0.000622718536760658, -0.0022411418613046408, -0.018641777336597443, 0.006554123479872942, 0.0017206940101459622, 0.01855514571070671, -0.002610738156363368, 0.009924625046551228, -0.005090847611427307, 0.014347510412335396, 0.015172920189797878, 0.012494866736233234, -0.00470298808068037, -0.007451937533915043, 0.009354958310723305, -0.014834205619990826, 0.0016074064187705517, 0.01871342584490776, 0.009858440607786179, 0.021279921755194664, 0.004424334969371557, -0.00020240669255144894, 0.00496160052716732, 0.011180001311004162, -0.004375043790787458, 0.0015493392711505294, 0.010536865331232548, 0.0038061775267124176, -0.01646631583571434, 0.015579037368297577, -0.007470540702342987, 0.009815224446356297, -0.018493371084332466, 0.004560834262520075, -0.006122935097664595, 0.014242464676499367, -0.012122289277613163, -0.02005803771317005, 0.01618991605937481, -0.020225845277309418, 0.013040604069828987, -0.011211473494768143, -0.011628860607743263, 0.020004501566290855]}"
15,"28-ton, 1.2-megawatt tidal kite is now exporting power to the grid",@user,https://newatlas.com/energy/minesto-tidal-kite/,1,101,5 days ago,,"megawatt tidal kite, exporting power, ton, grid, 28, 2, 1",2,"{'15': [0.010536874644458294, 0.009144635871052742, -0.012177819386124611, -0.009249167516827583, -0.006487114354968071, 0.011162140406668186, 0.01912105828523636, -0.005664524622261524, -0.006725389044731855, -0.020185938104987144, 0.017486844211816788, 0.000800294685177505, -0.015176014043390751, -0.014084615744650364, -0.003976425621658564, 0.00785157922655344, -0.011462271213531494, 0.00980951078236103, -0.019287459552288055, -0.004988009110093117, -0.016332268714904785, -0.004677584394812584, 0.01436697132885456, -0.01404040027409792, 0.007805893197655678, 0.0007814642158336937, -0.009406783618032932, 0.017242511734366417, 0.013732679188251495, -0.020434170961380005, 0.01827876642346382, 0.011403736658394337, -0.008551434613764286, 0.0232588741928339, 0.014467785134911537, 0.012221738696098328, 0.002514369087293744, -0.014417377300560474, 0.0112816346809268, -0.013190261088311672, 0.014874275773763657, -0.00657685287296772, 0.0078067113645374775, -0.01294546015560627, 0.0030158262234181166, 0.004629665985703468, -0.0006946198409423232, 0.010427543893456459, -0.006873294711112976, 0.01374263409525156]}"
16,Shining Laser Light on Glass Creates a Solar Cell | New energy and sensor applications could await,@user,https://spectrum.ieee.org/next-generation-solar-transparent-glass,261,5,4 days ago,,"sensor applications could await, shining laser light, solar cell, new energy, glass creates",9,"{'16': [0.009562251158058643, -0.015669040381908417, -0.011911074630916119, 0.015628453344106674, 0.00015602362691424787, -0.010327404364943504, -0.010931531898677349, -0.011646940372884274, -3.3874428481794894e-05, -0.0012243897654116154, 0.0159275084733963, -0.020856741815805435, 0.018384378403425217, 0.016326863318681717, -0.0001968680153368041, -0.005693845916539431, 0.01852727122604847, 0.013693089596927166, 0.007281926926225424, 0.014547516591846943, -0.02074141800403595, 0.01282862015068531, -0.00664005521684885, -0.016270499676465988, -0.008219548501074314, 0.017964785918593407, 0.01737678423523903, 0.014465811662375927, -0.008168130181729794, -0.007061480078846216, 0.006235961802303791, 0.014964696019887924, 0.014723699539899826, -0.003005106234923005, 0.0011534678051248193, 0.011425711214542389, 0.005963199306279421, 0.00957009382545948, 0.015460663475096226, -0.0060115293599665165, -0.017042221501469612, 0.022355372086167336, -0.013285431079566479, -0.008531578816473484, 0.01933906599879265, 0.002627994166687131, 0.016919130459427834, -0.008206128142774105, 0.022841250523924828, 0.011613751761615276]}"
17,"Tokyo scientists create nanoscrolls for next-gen tech | Researchers achieved a major breakthrough by crafting nanoscrolls using Janus nanosheets. This innovation unlocks doors to exciting possibilities in catalysis, optics, and clean energy.",@user,https://interestingengineering.com/innovation/tokyo-scientists-create-nanoscrolls-for-next-gen-tech,785,25,5 days ago,,"crafting nanoscrolls using janus nanosheets, tokyo scientists create nanoscrolls, innovation unlocks doors, researchers achieved, major breakthrough, gen tech, exciting possibilities, clean energy, optics, next, catalysis",1,"{'17': [-0.01419565174728632, -0.013601843267679214, 0.007096574176102877, -0.010552629828453064, -0.01320178247988224, 0.011623317375779152, -0.017754295840859413, 0.0032349308021366596, -0.009728041477501392, -0.0035674923565238714, 0.022809360176324844, -0.002586816903203726, 0.014139354228973389, -0.010763784870505333, -0.013368000276386738, 0.006803608033806086, 0.00026824866654351354, -0.00810925755649805, 0.007679806090891361, 0.010333366692066193, 0.017565784975886345, 0.007151028141379356, -0.019498899579048157, 0.010708991438150406, 0.014177442528307438, 0.008040077053010464, -0.02182539738714695, 0.013207041658461094, -0.023000959306955338, -0.020505795255303383, 0.003471901174634695, 0.01648254692554474, -0.020404746755957603, 0.017311735078692436, -0.010180344805121422, 0.011632444337010384, 0.003141140565276146, -0.018700480461120605, 0.009171083569526672, -0.005958970170468092, -0.007581460289657116, 0.0026125044096261263, -0.020912393927574158, 0.0032367759849876165, 0.010107282549142838, 0.016245385631918907, 0.008457722142338753, 0.00665469141677022, -0.012784835882484913, 0.018986016511917114]}"
18,"Deep Space Station 13 at NASA’s Goldstone complex in California – part of the agency’s Deep Space Network – is an experimental antenna that has been retrofitted with an optical terminal. In a first, this proof of concept received both radio frequency & laser signals from deep space at the same time.",@user,https://www.nasa.gov/technology/space-comms/deep-space-network/nasas-new-experimental-antenna-tracks-deep-space-laser/,5,4,4 days ago,space,"deep space station 13, deep space network –, california – part, deep space, radio frequency, optical terminal, nasa ’, laser signals, goldstone complex, experimental antenna, concept received, agency ’, time, retrofitted, proof, first",2,"{'18': [-0.017481397837400436, -0.026975275948643684, -0.015306576155126095, -0.020420003682374954, -0.0005602105520665646, 0.011896350421011448, -0.011732363142073154, -0.0037531775888055563, 0.005394680891185999, -0.006431515794247389, 0.015449960716068745, -0.00030793194309808314, -0.019696740433573723, 0.015656622126698494, 0.01056904997676611, 0.0025660954415798187, 0.0014742177445441484, -0.010902509093284607, -0.012662147171795368, -0.0172654390335083, -0.019488178193569183, -0.01290474645793438, -0.017930205911397934, 0.015039768069982529, 0.018806220963597298, 0.01880817860364914, -0.0024880687706172466, 0.018747767433524132, -0.014601063914597034, -0.015324276871979237, -0.008884482085704803, 0.020255103707313538, 0.014753364026546478, 0.02171247825026512, 0.008073822595179081, 0.02227947488427162, 0.012471984140574932, -0.029986711218953133, 0.021553687751293182, 0.009369894862174988, -0.00781110767275095, 0.02405441552400589, -0.006624757777899504, 0.010811353102326393, 0.028689967468380928, -0.007513691205531359, -0.007348812185227871, 0.015043115243315697, 0.014394433237612247, -0.018662938848137856]}"
19,'A mouse for your mouth': New device allows users to scroll with their tongues,@user,https://www.nbcnews.com/tech/tech-news/tongue-controlled-touchscreens-hit-market-year-rcna133270,820,110,5 days ago,,"mouth ': new device allows users, tongues, scroll, mouse",2,"{'19': [0.007413093466311693, -0.007488647010177374, -0.019088448956608772, -0.010863219387829304, -0.012639079242944717, 0.01684475876390934, 0.004513407591730356, -0.003908082842826843, -0.006165747996419668, -0.017453568056225777, -0.008690467104315758, 0.01455069798976183, -0.020174885168671608, 0.018558835610747337, 0.01386205479502678, -0.019693048670887947, 0.005299857817590237, -0.019321739673614502, 0.005867410451173782, -0.015340344980359077, 0.01693684607744217, -0.0026024039834737778, 0.01621396839618683, 0.013109046965837479, 0.02039831317961216, -0.008518260903656483, -0.004589510150253773, -0.0034314310178160667, -0.0118086077272892, -0.0021917896810919046, -0.002689915942028165, 0.004904019180685282, 0.012964504770934582, 0.021536288782954216, -0.009896812960505486, 0.02283647656440735, 0.017978398129343987, -0.019927246496081352, 0.0020434660837054253, -0.018447013571858406, 0.012358353473246098, 0.008280003443360329, -0.009601485915482044, 0.015037082135677338, -0.01386452279984951, 0.016891587525606155, -0.013264788314700127, 0.006415046751499176, 0.020665712654590607, 0.019236473366618156]}"
20,"This ultrasound sticker senses changing stiffness of deep internal organs. The sticky, wearable sensor could help identify early signs of acute liver failure.",@user,https://news.mit.edu/2024/ultrasound-sticker-senses-changing-stiffness-deep-internal-organs-0209,865,29,6 days ago,,"wearable sensor could help identify early signs, ultrasound sticker senses changing stiffness, deep internal organs, acute liver failure, sticky",3,"{'20': [-0.007023707963526249, -0.001275711110793054, -0.020105479285120964, 0.003590620355680585, -0.007822480984032154, -0.021531902253627777, -0.011924078688025475, 0.013293739408254623, -0.00914589874446392, -0.015580425038933754, -0.005508145317435265, -0.004622810520231724, -0.011991944164037704, -0.015659930184483528, -0.0013439074391499162, 0.004533258266746998, 0.0010789460502564907, 0.014674992300570011, -0.014498334378004074, 0.017854779958724976, 0.014520999044179916, 0.0026073164772242308, -0.02107495814561844, -0.007639308925718069, -0.013342774473130703, 0.019101670011878014, 0.016555828973650932, -0.00352856214158237, 0.009633834473788738, -0.012548904865980148, -0.005936542525887489, 0.013182589784264565, 0.00437130406498909, 0.003762133652344346, 0.0006573260179720819, 0.023899229243397713, 0.01868683099746704, -0.009853238239884377, -0.009409756399691105, 0.002837755484506488, 0.0076081762090325356, -0.0049820709973573685, 0.01974191702902317, 0.017640789970755577, 0.015243485569953918, -0.001612014602869749, -0.020946858450770378, 0.0011304826475679874, -0.01618836633861065, -0.008059779182076454]}"
21,"In a First, a Prosthetic Limb Can Sense Temperature Like a Living Hand",@user,https://www.smithsonianmag.com/science-nature/in-a-first-a-prosthetic-limb-can-sense-temperature-like-a-living-hand-180983765/,1,41,7 days ago,,"sense temperature like, prosthetic limb, living hand, first",3,"{'21': [-0.004057852551341057, -0.01893574558198452, 0.017291054129600525, -0.011619029566645622, -0.01637749746441841, 0.012966733425855637, 0.017673581838607788, 0.0013771270168945193, 0.015299701131880283, 0.0028191902674734592, -0.011188291944563389, -0.00631374679505825, -0.001639394904486835, 0.002845394192263484, -0.01744912937283516, -0.011586525477468967, -0.0016101001529023051, 0.020778462290763855, -0.004061324521899223, 0.011979296803474426, 0.006535822059959173, -0.004980092868208885, -0.012642209418118, -0.018321236595511436, -0.011412229388952255, -0.010963447391986847, -0.013752441853284836, -0.0008699193131178617, 0.0007789345108903944, -0.014302446506917477, -0.006757136434316635, 0.010801799595355988, -0.019944043830037117, -0.012901329435408115, -0.013288252055644989, 0.02021649293601513, 0.0013110878644511104, -0.021178048104047775, -0.003692633705213666, 0.01374476682394743, 0.01029220037162304, -0.011712267994880676, -0.01003133226186037, -0.004187942016869783, 0.019410906359553337, -0.009639212861657143, 0.010269069112837315, -0.012058122083544731, 0.009040012024343014, -0.004413549322634935]}"
22,Alternate qubit design does error correction in hardware. Early-stage technology has the potential to cut qubits needed for useful computers.,@user,https://arstechnica.com/science/2024/02/alternate-qubit-design-does-error-correction-in-hardware/,136,0,7 days ago,,"cut qubits needed, alternate qubit design, useful computers, stage technology, error correction, potential, hardware, early",0,"{'22': [0.014699641615152359, -0.01834665797650814, 0.018871266394853592, -0.0058183385990560055, 0.01897108554840088, 0.01830432377755642, 0.000841466651763767, -0.007532489951699972, -0.00608908711001277, -0.023960018530488014, -0.0009423650917597115, 0.017027851194143295, 0.0009469737997278571, -0.011321787722408772, 0.01581168733537197, 0.00745262298732996, -0.012445332482457161, -0.007508682087063789, -0.0008838335052132607, 0.01721741445362568, -0.011970222927629948, 0.009908651933073997, 0.006049502640962601, 0.0200545284897089, -0.0035800342448055744, -0.003385012038052082, -0.021358851343393326, 0.008847479708492756, -0.012609073892235756, 0.001228452892974019, -0.007874537259340286, 0.024200569838285446, -0.01603827439248562, -0.014564490877091885, -0.012358350679278374, 0.010829378850758076, -0.0019375745905563235, -0.016021281480789185, 0.018997397273778915, 0.008112684823572636, 0.020444082096219063, 0.017713580280542374, 0.01829611323773861, -0.0038547609001398087, 0.012563787400722504, -0.017240725457668304, 0.004632927477359772, -0.01458671409636736, -0.008561846800148487, 0.0049929493106901646]}"
23,Scientists develop a low-cost device to make cell therapy safer | A plastic microfluidic chip can remove some risky cells that could potentially become tumors before they are implanted in a patient.,@user,https://news.mit.edu/2024/scientists-develop-low-cost-device-safer-cell-therapy-0207,46,5,7 days ago,,"make cell therapy safer, could potentially become tumors, plastic microfluidic chip, scientists develop, risky cells, cost device, remove, patient, low, implanted",4,"{'23': [-0.015464573167264462, -0.02072388306260109, 0.016864754259586334, -0.0012739350786432624, 0.0012069100048393011, -0.003779599443078041, -0.02078470215201378, 0.010203737765550613, -0.023994147777557373, -0.011164534837007523, -0.004260558169335127, -0.0016640344401821494, -0.004580722190439701, -0.01243297103792429, 0.015484439209103584, -0.008219731040298939, 0.013462590053677559, -0.017398571595549583, -0.02542702481150627, 0.02161676436662674, -0.010116621851921082, -0.006965195760130882, -0.006570540834218264, -0.0067795077338814735, -0.004686483647674322, -0.012129278853535652, 0.007781431544572115, 0.007490652613341808, -0.014273894019424915, 0.013391360640525818, 0.010727008804678917, 0.026096172630786896, -0.019564049318432808, 0.002652587601915002, 0.00044044156675226986, -0.011608891189098358, -0.018280118703842163, -0.01948161981999874, -0.010543201118707657, -0.017261356115341187, 0.0018173765856772661, 0.021493054926395416, 0.017063966020941734, 0.016870202496647835, 0.007226081099361181, 0.018944235518574715, -0.016403939574956894, 0.010027579963207245, 0.00899312924593687, -0.006645039189606905]}"
24,"Gel and lithium-ion tech could enable 1000-mile EV range on one charge | Researchers achieve EV battery breakthrough with silicon-based materials and gel electrolytes, moving closer to a 1,000-kilometer range on a single charge.",@user,https://interestingengineering.com/transportation/gel-lithium-ion-tech-1000-mile-ev,852,90,8 days ago,,"ion tech could enable 1000, researchers achieve ev battery breakthrough, mile ev range, kilometer range, single charge, one charge, moving closer, based materials, gel electrolytes, gel, silicon, lithium, 1, 000",6,"{'24': [-0.0040775928646326065, -0.011396623216569424, -0.0012657431652769446, -0.026700902730226517, -0.015054392628371716, 0.008852719329297543, -0.018503427505493164, -0.012894466519355774, 0.010619399137794971, -0.015397697687149048, -0.012948776595294476, 0.02101691998541355, -0.00026021694066002965, -0.005651975981891155, -0.00622977688908577, 0.02204730734229088, -0.006202689837664366, 0.01302671991288662, -0.002863335656002164, 0.013231351971626282, 0.0031168502755463123, -0.016880538314580917, 0.01671362668275833, 0.009162704460322857, 0.001679308246821165, 0.011204867623746395, 0.014663147740066051, 0.011689603328704834, 0.0022852353285998106, -0.019063474610447884, -0.012051346711814404, 0.01829690672457218, 0.008294113911688328, 0.014829990454018116, -0.021088873967528343, 0.007529561873525381, 0.018357256427407265, 0.0034560710191726685, 0.0068189166486263275, 0.001616872614249587, 0.006071382202208042, 0.0176842138171196, -0.0069869328290224075, 0.004497975576668978, -0.011197859421372414, -0.0009020571014843881, 0.0033868213649839163, -0.015396330505609512, -0.009007515385746956, -0.004593446850776672]}"
25,Inhalable sensors could enable early lung cancer detection,@user,https://news.mit.edu/2024/inhalable-sensors-early-lung-cancer-detection-0105,1,60,8 days ago,,inhalable sensors could enable early lung cancer detection,2,"{'25': [-0.002877247054129839, 0.003158211475238204, -0.011652739718556404, 0.00201284303329885, -0.013510025106370449, -0.007004265207797289, 0.0012094784760847688, -0.014728507027029991, 0.007255088537931442, -0.01547358650714159, 0.012449396774172783, -0.019118838012218475, -0.012055153027176857, -0.0043829758651554585, 0.015491300262510777, 0.01692924275994301, 0.01010280754417181, -0.008569656871259212, -0.009404950775206089, -0.008388157933950424, 0.00334051251411438, -0.005856596864759922, 0.0017967312596738338, 0.0015231865691021085, 0.004977834410965443, 0.005597325973212719, -0.014551789499819279, 0.01578511856496334, -0.017935091629624367, 0.00880157109349966, -0.0031581802759319544, 0.020206158980727196, 0.00023498541850131005, 0.0009926602942869067, -0.008125822991132736, 0.0019525577081367373, 0.015305975452065468, -0.008337440900504589, 0.019893884658813477, 0.0027063055895268917, -0.006857830099761486, -0.018054572865366936, -0.014920573681592941, 0.01563659869134426, -0.011326717212796211, -0.009940652176737785, 0.005570113658905029, 0.009778618812561035, 0.01105725672096014, 0.007475883234292269]}"
26,AI can now master your music—and it does shockingly well,@user,https://arstechnica.com/ai/2024/02/mastering-music-is-hard-can-one-click-ai-make-it-easy/,370,83,9 days ago,,"shockingly well, music —, master, ai",5,"{'26': [-0.02122868038713932, 0.015472632832825184, 0.0061400034464895725, 0.004374802578240633, -0.016862619668245316, -0.0026333972346037626, -0.0006965529755689204, -0.016376879066228867, 0.00029204064048826694, -0.003235897282138467, -0.007411876227706671, 0.017709936946630478, 0.010350203141570091, 0.0118825389072299, 0.008448381908237934, -0.005220236722379923, 0.007345914840698242, 0.009445670992136002, 0.018541954457759857, 0.009487051516771317, -0.015711277723312378, 0.020435204729437828, 0.014104791916906834, -0.007627084385603666, 0.012168794870376587, -0.006005804054439068, 0.014774680137634277, 0.018357619643211365, -0.013054597191512585, 0.010590041056275368, 0.017248330637812614, 0.0037078324239701033, 0.00496985949575901, 0.0024238508194684982, -0.01608068123459816, 0.01621229574084282, 0.006458919495344162, -0.002497689798474312, -0.012245241552591324, -0.01619841158390045, -0.013980172574520111, -0.004882320296019316, 0.011225145310163498, 0.00042293177102692425, 0.00952876452356577, 0.008864497765898705, 0.0022118142805993557, 0.014767708256840706, 0.007345370948314667, -0.017345640808343887]}"
27,CERN unleashes powerful robot-dog to inspect nuclear radiation zones,@user,https://interestingengineering.com/innovation/cern-unleashes-powerful-robot-dog,580,51,9 days ago,,"inspect nuclear radiation zones, cern unleashes powerful robot, dog",0,"{'27': [-0.0001344486081507057, -0.005400937050580978, -0.007856917567551136, -0.018718557432293892, -0.0001722440792946145, -0.0036267084069550037, -0.004886810667812824, -0.003536063712090254, -0.01984594576060772, -0.019897613674402237, -0.016155879944562912, -0.008427423425018787, 0.011056230403482914, 0.017993280664086342, 0.010723105631768703, -0.0077179111540317535, -0.008783877827227116, -0.01552874967455864, 0.0015366955194622278, 0.018588075414299965, -0.010128318332135677, -0.015940021723508835, -0.010653994977474213, 0.014404085464775562, 0.0017887974390760064, -0.002261832356452942, 0.005250021815299988, 0.0021613342687487602, -0.009447352960705757, -0.011630634777247906, 0.01043669506907463, 0.003113229526206851, 0.0016411148244515061, -0.006999147590249777, -0.008447345346212387, 0.013187535107135773, -0.017948443070054054, -0.013218219392001629, 0.013990283012390137, -0.005191723816096783, 0.008586622774600983, -0.00022237392840906978, 6.78247888572514e-05, -0.012804538011550903, 0.00978508498519659, -0.018886661157011986, 0.012993020936846733, -0.01618318445980549, 0.01695210486650467, 0.016962841153144836]}"
28,Sugar cane waste converted into concrete-beating Sugarcrete | Substance has been incorporated into an eco-friendly building material,@user,https://newatlas.com/environment/sugar-cane-waste-sugarcrete-building-material/,2,142,10 days ago,,"sugar cane waste converted, friendly building material, beating sugarcrete, substance, incorporated, eco, concrete",7,"{'28': [-0.023324105888605118, 0.0008992379298433661, 0.009305586107075214, -0.005702960770577192, -0.02176610939204693, -0.008324330672621727, -0.011826856061816216, 0.009802174754440784, 0.009987290017306805, -0.005515534896403551, -0.012204661034047604, 0.015579492785036564, 0.013478651642799377, 0.008325988426804543, 0.018135495483875275, -0.009928240440785885, 0.013270081952214241, -0.00711133424192667, -0.013167185708880424, 0.00572280352935195, 0.006741958204656839, 0.007283174432814121, 0.01703805662691593, -0.019831379875540733, -0.0164951141923666, 0.008365281857550144, 0.011708627454936504, 0.004547761753201485, -0.017221704125404358, 7.902615470811725e-05, 0.02036138065159321, 0.01685664989054203, 0.0070048426277935505, 0.014976246282458305, 0.006862497888505459, 0.015726512297987938, 0.002064619679003954, -0.0025848005898296833, 0.0183478482067585, -0.003942511044442654, -0.007109435275197029, 0.02304714173078537, -0.019003549590706825, 0.0011230326490476727, 0.006095746997743845, 0.0025241351686418056, 0.0197143517434597, -0.0034884957130998373, -0.009126388467848301, 0.0035029652062803507]}"
